1,Paxton,Guerrieri,pguerrieri0@springer.com,b80lTqCyla,Maanĭt,Hermina,85,49-929-5702
2,Betsy,Keay,bkeay1@xing.com,SH2E5LqXbBsO,Bastan,Paget,30,15-862-0897
3,Claresta,Russi,crussi2@reddit.com,UdO344C,Mudanjiang,Annamark,1,42-662-4681
4,Clark,Furtado,cfurtado3@adobe.com,kZzmSfe6p,Néa Péramos,American Ash,68,04-762-6665
5,Jerrine,Gegay,jgegay4@ocn.ne.jp,mfJyfh4,Manukaka,Kipling,74,28-785-4780
6,Fiorenze,Cadle,fcadle5@ucoz.ru,qdKzwTEqH,Poitiers,Pine View,53,41-416-1724
7,Dannie,Brockie,dbrockie6@seesaa.net,3PECuwWsP,Olmos,Grover,64,81-429-6666
8,Gerri,Choke,gchoke7@twitpic.com,Ba4L3Ndq,Mönsterås,Jana,69,15-520-0565
9,Natalya,Sharpling,nsharpling8@ted.com,Ufb0oXH1dq,Mahaica Village,Warbler,18,89-333-3209
10,Frederik,Tallant,ftallant9@tmall.com,GRAC5lS,Levski,Daystar,93,83-735-7531
11,Liv,Sugars,lsugarsa@umich.edu,ldB29YASRJGh,Shiyan,Kedzie,44,80-482-2216
12,Tabatha,Coxen,tcoxenb@google.de,acKQmSu,Alhos Vedros,Schlimgen,4,45-622-6744
13,Tommy,Westbrook,twestbrookc@constantcontact.com,dkHUyRFQkN4,Cipinang,Coolidge,56,04-579-5978
14,Corrianne,Durnian,cdurniand@bloomberg.com,DrKKdRa,Villejuif,Charing Cross,44,92-871-6555
15,Corri,Caw,ccawe@moonfruit.com,KnMxobjetB,Staraya Derevnya,Knutson,31,02-462-4136
16,Adrianna,Boreham,aborehamf@mysql.com,CmToVAr,Belköl,Bowman,57,80-856-1437
17,Udale,MacMakin,umacmaking@techcrunch.com,F2cykdxsIXe,Amuñgan,Cordelia,82,59-990-3141
18,Fanni,Tissiman,ftissimanh@google.ca,9KwUpI,Puyan,Jay,98,46-553-5933
19,Riva,Millgate,rmillgatei@census.gov,rX7yxpN8,Jiantiao,Sachs,2,38-854-7256
20,Martin,Dundridge,mdundridgej@icio.us,7Lu0TWQGQ2s,Barcin,Weeping Birch,65,05-332-6568
21,Fina,Hollier,fhollierk@redcross.org,BQtuGVIwVVIW,Dolo,Scott,53,17-676-3222
22,Nonah,Thornley,nthornleyl@paypal.com,kEHt0uSmXV,Szydłowo,Northwestern,33,38-429-0091
23,Caritta,End,cendm@chicagotribune.com,mwujvWI9zBCr,Jinchuan,American Ash,43,89-710-6834
24,Matilda,Wikey,mwikeyn@goo.gl,DrRZVtipdOU,Dusun Tengah Cihaurbeuti,Iowa,84,71-110-4524
25,Hank,Glenister,hglenistero@vinaora.com,WWbMTHQAAm7,Ulee Gle,Helena,98,21-717-7373
26,Gavan,Barson,gbarsonp@eventbrite.com,QaC4kUQ,San Ricardo,Stephen,41,46-749-7128
27,Rafferty,Jansky,rjanskyq@ucoz.ru,Z8bRgh,Basar,Bultman,70,90-515-3792
28,Delmor,Jeannenet,djeannenetr@squarespace.com,2OTFsnNzim,Alíartos,Vahlen,63,10-270-7450
29,Jodie,Whewill,jwhewills@jigsy.com,QBQ80B0M5,Haysyn,Debs,15,30-797-0269
30,Wildon,Tarte,wtartet@hatena.ne.jp,wrGPnr,Wolfville,Beilfuss,27,06-214-0687
31,Hoyt,Segges,hseggesu@ebay.co.uk,gBQ3kkZwR,Carpiquet,Lawn,29,81-814-1898
32,Pippy,Haydock,phaydockv@wufoo.com,oMgaqIS,Koppies,Warner,38,11-183-6868
33,Dexter,Gatecliffe,dgatecliffew@wunderground.com,WBfvJmI,Baxiangshan,Dunning,86,80-420-2724
34,Etan,Dwelling,edwellingx@zdnet.com,iLB6i2kyxKl,Haoyi,Eastlawn,47,51-581-8896
35,Morganne,Penketh,mpenkethy@altervista.org,ipawSFKuG,Tubod,Randy,70,74-427-9604
36,Griselda,Steketee,gsteketeez@statcounter.com,xAodQWiqH1wa,Pacora,Autumn Leaf,88,86-956-8500
37,Pierson,Bilham,pbilham10@hostgator.com,xiZULh7,Fontvieille,Rigney,29,71-114-8069
38,Magdalen,Oboy,moboy11@constantcontact.com,DBJLPL34k,Bukui,Mcbride,52,76-385-6069
39,Riannon,Fairbanks,rfairbanks12@netvibes.com,uiVNUt,San Pablo,Randy,55,02-998-0794
40,Garrik,Chamberlaine,gchamberlaine13@ucoz.com,IUTscu3,Fresno,Dunning,22,97-164-6469
41,Ketti,Addenbrooke,kaddenbrooke14@storify.com,EYUFW1p4hD,Shijak,Oriole,36,03-809-6571
42,Modesty,Butterwick,mbutterwick15@wp.com,9SV3w70tpS5,Shemursha,Dunning,82,38-498-4356
43,Debi,Madgwich,dmadgwich16@bbb.org,6Pxz628fzE6,Concordia,Bayside,95,48-602-0938
44,Minne,Gittus,mgittus17@123-reg.co.uk,nsiLuBs,Joinville,Briar Crest,30,95-437-4108
45,Sidney,Miklem,smiklem18@bluehost.com,PKB6IP0e,Aipe,Blackbird,32,41-675-0324
46,Tallulah,Abbott,tabbott19@newsvine.com,3l6pfsHm03Z8,Paris 09,Calypso,31,03-116-0932
47,Vince,Alasdair,valasdair1a@google.ca,CdHVjtbK,Vallentuna,Northfield,33,64-562-1291
48,Morry,Levington,mlevington1b@nbcnews.com,jP1hkfzv,Sanjō,Dixon,81,85-367-3294
49,Purcell,Soall,psoall1c@latimes.com,sBGD9jZxGn4T,High River,Northport,100,59-456-0062
50,Teri,Verbeek,tverbeek1d@sourceforge.net,ogX5zoRVYSqh,Jinghong,Kennedy,66,87-327-2884
51,Rozalie,Cluer,rcluer1e@behance.net,LtBsUSNUCHi,Al Qurayshīyah,Lakewood Gardens,26,31-852-4391
52,Axe,Swetland,aswetland1f@flickr.com,YiQw4GC4d,Dongjiao,Moland,26,89-969-1838
53,Reinaldos,Gorch,rgorch1g@uol.com.br,gSf0vF7SV2aZ,Liji,Claremont,15,54-051-4414
54,Conant,Wigglesworth,cwigglesworth1h@fotki.com,KtCCUIWhqF6J,Huntsville,Kennedy,5,41-068-4303
55,Neda,Stannard,nstannard1i@mediafire.com,u6c7YjAh,Muncar,Talisman,43,07-950-6360
56,Asia,McGeagh,amcgeagh1j@last.fm,iWoozPW,Anticala,Ludington,15,51-485-4349
57,Hobard,O'Corrigane,hocorrigane1k@nsw.gov.au,i4jN2LV,Jieznas,Merry,68,67-449-1633
58,Julissa,Hammerton,jhammerton1l@ameblo.jp,2MIwmYHChGb,Kletek,Hagan,93,96-209-1022
59,Karlene,Kolczynski,kkolczynski1m@is.gd,p9GjHb,Nevel’,Declaration,44,36-827-5883
60,Padriac,Joyce,pjoyce1n@berkeley.edu,QmUA9458Tu,Belovodskoye,Anniversary,45,96-163-7189
61,Raimondo,Ricart,rricart1o@cafepress.com,1SRGyrL1r,Carregado,Clove,84,22-951-8258
62,Dorena,Ladbrook,dladbrook1p@github.io,BCzs9jZ,Araçuaí,Summer Ridge,87,42-249-2198
63,Abbe,Fisbburne,afisbburne1q@e-recht24.de,7UxOg7V,Chaiwan,Continental,68,89-252-9581
64,Suzanne,Santo,ssanto1r@umn.edu,IdQLN9Gmt4HC,Valencia,Independence,59,83-439-6602
65,Pia,Oughton,poughton1s@phoca.cz,XStU6lp,San Pablo,Sunnyside,63,79-556-0576
66,Breena,Pistol,bpistol1t@bbc.co.uk,vmlYzgFLCi,Fonseca,Summit,56,95-440-2693
67,Chase,O'Doherty,codoherty1u@surveymonkey.com,R8skOuufn,Sawo,Vera,96,19-680-9601
68,Nicoline,Wilsey,nwilsey1v@technorati.com,48zNCvU8tze,Yilan,Bashford,57,66-886-5415
69,Patrizius,Carmody,pcarmody1w@scribd.com,BBfZKHcDhEGS,Mahanoro,Dixon,6,11-429-5036
70,Crichton,Leddie,cleddie1x@skyrock.com,ahUftD8,Armanāz,Dakota,60,91-742-4930
71,Miranda,Roswarne,mroswarne1y@feedburner.com,3dr54YhCnm,Mokronog,Division,95,57-287-8556
72,Merrielle,Piotrkowski,mpiotrkowski1z@sina.com.cn,QBGLKavMpswo,Yŏnmu,Old Gate,92,73-988-2960
73,Nana,Fordyce,nfordyce20@oaic.gov.au,bGTCydBNXLB,Skellefteå,Buhler,84,60-889-0160
74,Sig,Pennoni,spennoni21@imageshack.us,SYWgDgh,Maayong Tubig,Ridgeview,92,08-442-3303
75,Johanna,Chittey,jchittey22@instagram.com,fPOvUb,Nesterovskaya,Melody,11,62-187-2146
76,Thorndike,Monkeman,tmonkeman23@newyorker.com,WkgFaxgw4y,Regnów,Lukken,39,11-083-6696
77,Reinaldo,Dowe,rdowe24@usnews.com,zd8j0ZfupA,Madalum,Talmadge,37,88-062-4871
78,Sergio,Starcks,sstarcks25@4shared.com,ELxyObknF,Sabanitas,Mcguire,64,77-881-3186
79,Debbi,Blasio,dblasio26@eepurl.com,FRW7bi6,Sułkowice,North,57,38-562-0550
80,Andriette,Bangley,abangley27@blinklist.com,FTGwO8,Bokani,Bartelt,89,34-292-9722
81,Cathi,Lubbock,clubbock28@i2i.jp,YtOiHDBFblX,Xibër-Murrizë,Forster,11,63-973-9266
82,Vivyanne,Matous,vmatous29@admin.ch,oadH4JzoiDwp,Worcester,Drewry,74,64-306-5352
83,Gerik,Ensley,gensley2a@discovery.com,UgRgD3e,Gudauta,Springview,88,89-969-9139
84,Drucie,Wiggington,dwiggington2b@yahoo.co.jp,uVE0ka,Dhī Nā‘im,Nevada,24,56-867-2892
85,Drucy,Oglesbee,doglesbee2c@uol.com.br,D264aPIBE,Vishow,Vidon,78,43-625-0062
86,Chandal,Coxall,ccoxall2d@sbwire.com,i7FikPDj,Laventille,Ridge Oak,79,78-342-4420
87,Mildred,Ruxton,mruxton2e@foxnews.com,ZMsp7K3GqfTY,Yambio,Springview,37,50-317-0684
88,Ulric,Dunckley,udunckley2f@yahoo.com,cmxYk7v8A2m,Altagracia de Orituco,Mcbride,98,50-264-0118
89,Greta,Harmon,gharmon2g@twitter.com,W51G5Zq5,Dagupan,Maple Wood,85,52-588-3698
90,Marice,Holligan,mholligan2h@samsung.com,ect1uYmVJKU,Arhust,Canary,10,85-816-6743
91,Aurelea,Tressler,atressler2i@yahoo.co.jp,WJLkyoz38W5w,Nagasari,Cottonwood,82,32-023-1402
92,Ali,Steedman,asteedman2j@ted.com,LGJWBmROTRgz,Krrabë,American,68,73-309-0046
93,Naoma,Braffington,nbraffington2k@indiegogo.com,dL3X3o8TzN,Encontrados,Thompson,48,89-284-4349
94,Mei,Epps,mepps2l@cpanel.net,6Z8jSlw,Kalinkavichy,Service,94,36-775-7991
95,Duncan,O'Geneay,dogeneay2m@hp.com,s0O4lLEYy,Lyubokhna,Corry,99,64-126-9232
96,Tilly,Peplaw,tpeplaw2n@infoseek.co.jp,uMPrPA8,Göteborg,Bluejay,51,91-625-9183
97,Eugine,Tague,etague2o@baidu.com,dkk0qVclqFNe,Daoxu,Anhalt,96,62-287-3868
98,Wolfy,Janosevic,wjanosevic2p@last.fm,JCuGkjk1sbY,Kyŏngsŏng,Truax,98,61-238-7130
99,Raina,Coplestone,rcoplestone2q@ucsd.edu,NOErFtJUNnx,Huicheng,Kropf,41,62-568-9309
100,King,Milroy,kmilroy2r@sphinn.com,S60Q2ZCZ,Hezhi,Village Green,50,52-299-6274
